﻿<?xml version="1.0" encoding="utf-8"?>
<publishData>
  <publishProfile publishUrl="C:\inetpub\wwwroot\sccw001" deleteExistingFiles="True" ftpAnonymousLogin="False" ftpPassiveMode="True" msdeploySite="" msdeploySiteID="" msdeployRemoteSitePhysicalPath="" msdeployAllowUntrustedCertificate="False" msdeploySkipExtraFilesOnServer="True" msdeployMarkAsApp="False" profileName="Profile1" publishMethod="FileSystem" replaceMatchingFiles="False" userName="" savePWD="False" userPWD="" SelectedForPublish="True">
    <file relUrl="Images/MenuIcon/transaccion.png" publishTime="10/26/2015 16:49:36" />
    <file relUrl="jqwidgets/styles/images/sunny/ui-icons_eb990f_256x240.png" publishTime="11/30/2015 16:26:14" />
    <file relUrl="jqwidgets/styles/images/roundbg_classic_normal.png" publishTime="11/30/2015 16:26:14" />
    <file relUrl="jqwidgets/styles/images/pinned-lightblue.png" publishTime="11/30/2015 16:26:13" />
    <file relUrl="conf/variables.aspx" publishTime="03/20/2017 12:29:55" />
    <file relUrl="Content/swagg.css" publishTime="07/12/2017 17:03:31" />
    <file relUrl="bin/DotNetOpenAuth.OAuth.Consumer.dll" publishTime="10/26/2015 16:49:34" />
    <file relUrl="jqwidgets/styles/images/lightness/ui-bg_gloss-wave_35_f6a828_500x100.png" publishTime="11/30/2015 16:26:14" />
    <file relUrl="jqwidgets/styles/images/redmond/ui-icons_2e83ff_256x240.png" publishTime="11/30/2015 16:26:15" />
    <file relUrl="favicon.ico" publishTime="05/23/2016 17:42:11" />
    <file relUrl="jqwidgets/styles/images/sunny/ui-bg_diagonals-medium_20_d34d17_40x40.png" publishTime="11/30/2015 16:26:14" />
    <file relUrl="jqwidgets/styles/images/sunny/ui-icons_bd7b00_256x240.png" publishTime="11/30/2015 16:26:14" />
    <file relUrl="bin/jqwidgets/globalization/globalize.culture.cs-CZ.js" publishTime="11/30/2015 16:26:16" />
    <file relUrl="jqwidgets/styles/images/le-frog/ui-icons_cd0a0a_256x240.png" publishTime="11/30/2015 16:26:15" />
    <file relUrl="Images/pdf33.png" publishTime="10/26/2015 16:49:36" />
    <file relUrl="Images/orderedList6.png" publishTime="10/26/2015 16:49:36" />
    <file relUrl="bin/Scripts/bootstrap-multiselect.js" publishTime="04/15/2016 12:33:45" />
    <file relUrl="jqwidgets/styles/images/redmond/ui-bg_glass_95_fef1ec_1x400.png" publishTime="11/30/2015 16:26:15" />
    <file relUrl="jqwidgets/styles/images/check_indeterminate_black.png" publishTime="11/30/2015 16:26:13" />
    <file relUrl="bin/Images/MenuIcon/config.png" publishTime="10/26/2015 16:49:36" />
    <file relUrl="jqwidgets/jqxwindow.js" publishTime="01/07/2016 08:02:42" />
    <file relUrl="jqwidgets/jqxgrid.columnsresize.js" publishTime="01/07/2016 08:02:42" />
    <file relUrl="jqwidgets/styles/images/backImage.png" publishTime="11/30/2015 16:26:13" />
    <file relUrl="login.aspx" publishTime="03/10/2017 10:04:47" />
    <file relUrl="jqwidgets/styles/images/overcast/ui-icons_70b2e1_256x240.png" publishTime="11/30/2015 16:26:13" />
    <file relUrl="imagescontent/Copia de DownBorderFont.jpg" publishTime="10/26/2015 16:49:40" />
    <file relUrl="jqwidgets/styles/jqx.glacier.css" publishTime="11/30/2015 16:26:13" />
    <file relUrl="jqwidgets/styles/images/darkness/ui-bg_glass_20_555555_1x400.png" publishTime="11/30/2015 16:26:14" />
    <file relUrl="Images/orderedList0.png" publishTime="10/26/2015 16:49:36" />
    <file relUrl="jqwidgets/styles/images/colorpicker/map-saturation-overlay.png" publishTime="11/30/2015 16:26:14" />
    <file relUrl="Images/logobn.png" publishTime="10/26/2015 16:49:36" />
    <file relUrl="Images/accent.png" publishTime="10/26/2015 16:49:36" />
    <file relUrl="jqwidgets/styles/images/pin-yellow.png" publishTime="11/30/2015 16:26:13" />
    <file relUrl="jqwidgets/styles/images/icon-edit-white.png" publishTime="11/30/2015 16:26:14" />
    <file relUrl="Images/orderedList9.png" publishTime="10/26/2015 16:49:37" />
    <file relUrl="jqwidgets/styles/images/sunny/ui-icons_ffe180_256x240.png" publishTime="11/30/2015 16:26:14" />
    <file relUrl="imagescontent/TopFontBorder.JPG" publishTime="10/26/2015 16:49:40" />
    <file relUrl="jqwidgets/styles/images/metro-icon-left-white.png" publishTime="11/30/2015 16:26:14" />
    <file relUrl="jqwidgets/styles/images/darkred_gradient.png" publishTime="11/30/2015 16:26:14" />
    <file relUrl="Images/word4s.png" publishTime="10/26/2015 16:49:36" />
    <file relUrl="role/usuariosroles.aspx" publishTime="04/21/2017 17:00:26" />
    <file relUrl="jqwidgets/styles/images/check_blue_indeterminate.png" publishTime="11/30/2015 16:26:15" />
    <file relUrl="jqwidgets/styles/images/start/ui-bg_flat_55_999999_40x100.png" publishTime="11/30/2015 16:26:14" />
    <file relUrl="jqwidgets/styles/images/dragcancel.png" publishTime="11/30/2015 16:26:13" />
    <file relUrl="jqwidgets/styles/images/le-frog/ui-bg_highlight-soft_33_3a8104_1x100.png" publishTime="11/30/2015 16:26:15" />
    <file relUrl="jqwidgets/darkcompras.css" publishTime="11/30/2015 16:26:16" />
    <file relUrl="auxt/tipounidad.aspx" publishTime="05/03/2017 18:36:50" />
    <file relUrl="jqwidgets/styles/images/close_blue.png" publishTime="11/30/2015 16:26:13" />
    <file relUrl="Content/themes/base/jquery.ui.tabs.css" publishTime="10/26/2015 16:49:43" />
    <file relUrl="jqwidgets/styles/jqx.highcontrast.css" publishTime="11/30/2015 16:26:12" />
    <file relUrl="jqwidgets/styles/cacl-xsmall.css" publishTime="05/19/2016 15:32:18" />
    <file relUrl="jqwidgets/styles/images/redmond/ui-bg_inset-hard_100_f5f8f9_1x100.png" publishTime="11/30/2015 16:26:15" />
    <file relUrl="jqwidgets/styles/images/le-frog/ui-bg_highlight-soft_60_4ca20b_1x100.png" publishTime="11/30/2015 16:26:15" />
    <file relUrl="bin/AjaxControlToolkit.dll" publishTime="11/30/2015 16:26:16" />
    <file relUrl="Content/themes/base/minified/images/ui-icons_cd0a0a_256x240.png" publishTime="10/26/2015 16:49:43" />
    <file relUrl="jqwidgets/styles/images/icon-showpassword.png" publishTime="11/30/2015 16:26:13" />
    <file relUrl="jqwidgets/styles/images/icon-menu-minimized-white.png" publishTime="11/30/2015 16:26:13" />
    <file relUrl="jqwidgets/styles/images/icon-first-transparent.png" publishTime="11/30/2015 16:26:13" />
    <file relUrl="jqwidgets/styles/images/pin-lightblue.png" publishTime="11/30/2015 16:26:14" />
    <file relUrl="jqwidgets/styles/images/metro-icon-right.png" publishTime="11/30/2015 16:26:14" />
    <file relUrl="Images/mail4s.png" publishTime="10/26/2015 16:49:36" />
    <file relUrl="jqwidgets/styles/images/colorpicker/map-hue.png" publishTime="11/30/2015 16:26:14" />
    <file relUrl="Images/heroAccent.png" publishTime="10/26/2015 16:49:37" />
    <file relUrl="jqwidgets/globalization/globalize.culture.sa-IN.js" publishTime="11/30/2015 16:26:16" />
    <file relUrl="imagescontent/border.jpg" publishTime="10/26/2015 16:49:40" />
    <file relUrl="jqwidgets/styles/images/roundbg_check_disabled.png" publishTime="11/30/2015 16:26:15" />
    <file relUrl="jqwidgets/styles/images/bg_darkblue.png" publishTime="11/30/2015 16:26:14" />
    <file relUrl="Scripts/ui/1.12.0/jquery-ui.js" publishTime="08/16/2016 10:27:27" />
    <file relUrl="ncon/solprodnoconforme.aspx" publishTime="07/27/2017 11:51:46" />
    <file relUrl="Content/themes/base/minified/images/ui-bg_flat_0_aaaaaa_40x100.png" publishTime="10/26/2015 16:49:43" />
    <file relUrl="imagescontent/DownBorderWhiteEX.jpg" publishTime="10/26/2015 16:49:40" />
    <file relUrl="Content/themes/base/minified/images/ui-bg_glass_75_e6e6e6_1x400.png" publishTime="10/26/2015 16:49:43" />
    <file relUrl="jqwidgets/styles/images/redmond/ui-bg_gloss-wave_55_5c9ccc_500x100.png" publishTime="11/30/2015 16:26:15" />
    <file relUrl="jqwidgets/styles/images/start/ui-bg_flat_75_aaaaaa_40x100.png" publishTime="11/30/2015 16:26:14" />
    <file relUrl="Content/themes/base/minified/jquery.ui.progressbar.min.css" publishTime="10/26/2015 16:49:43" />
    <file relUrl="jqwidgets/styles/images/icon-down-transparent.png" publishTime="11/30/2015 16:26:13" />
    <file relUrl="jqwidgets/styles/images/overcast/ui-bg_glass_100_f8f8f8_1x400.png" publishTime="11/30/2015 16:26:13" />
    <file relUrl="jqwidgets/styles/images/metro-icon-left.png" publishTime="11/30/2015 16:26:13" />
    <file relUrl="jqwidgets/styles/images/icon-right-white.png" publishTime="11/30/2015 16:26:13" />
    <file relUrl="img/boton03.gif" publishTime="10/26/2015 16:49:40" />
    <file relUrl="bin/Scripts/bootstrap.js" publishTime="04/15/2016 12:33:44" />
    <file relUrl="imagescontent/PrincipalUpp.jpg" publishTime="10/26/2015 16:49:40" />
    <file relUrl="jqwidgets/styles/images/lightness/ui-bg_diagonals-thick_18_b81900_40x40.png" publishTime="11/30/2015 16:26:14" />
    <file relUrl="jqwidgets/styles/images/check_black.png" publishTime="11/30/2015 16:26:15" />
    <file relUrl="Content/themes/base/minified/images/ui-bg_glass_95_fef1ec_1x400.png" publishTime="10/26/2015 16:49:43" />
    <file relUrl="jqwidgets/styles/images/loader.gif" publishTime="11/30/2015 16:26:15" />
    <file relUrl="jqwidgets/styles/images/sunny/ui-bg_gloss-wave_45_817865_500x100.png" publishTime="11/30/2015 16:26:14" />
    <file relUrl="jqwidgets/styles/images/lightness/ui-bg_glass_100_fdf5ce_1x400.png" publishTime="11/30/2015 16:26:14" />
    <file relUrl="jqwidgets/styles/images/overcast/ui-bg_inset-hard_75_999999_1x100.png" publishTime="11/30/2015 16:26:13" />
    <file relUrl="RefreshSessionState.aspx" publishTime="08/10/2016 17:10:13" />
    <file relUrl="jqwidgets/styles/images/sunny/ui-bg_gloss-wave_70_ffdd57_500x100.png" publishTime="11/30/2015 16:26:14" />
    <file relUrl="jqwidgets/styles/images/sunny/ui-icons_ed9f26_256x240.png" publishTime="11/30/2015 16:26:14" />
    <file relUrl="jqwidgets/styles/images/check_indeterminate_disabled.png" publishTime="11/30/2015 16:26:13" />
    <file relUrl="jqwidgets/styles/images/icon-time-white.png" publishTime="11/30/2015 16:26:13" />
    <file relUrl="jqwidgets/styles/images/roundbg_classic_hover.png" publishTime="11/30/2015 16:26:13" />
    <file relUrl="Images/dado.png" publishTime="10/26/2015 16:49:36" />
    <file relUrl="Content/themes/base/images/ui-bg_flat_75_ffffff_40x100.png" publishTime="10/26/2015 16:49:43" />
    <file relUrl="jqwidgets/jqxgrid.edit.js" publishTime="01/07/2016 08:02:42" />
    <file relUrl="jqwidgets/styles/images/icon-up-transparent.png" publishTime="11/30/2015 16:26:14" />
    <file relUrl="Scripts/jquery-ui-1.8.20.js" publishTime="10/26/2015 16:49:40" />
    <file relUrl="rdlc/listadovariables.rdlc" publishTime="04/10/2017 10:18:07" />
    <file relUrl="jqwidgets/styles/images/icon-last.png" publishTime="11/30/2015 16:26:15" />
    <file relUrl="jqwidgets/styles/images/sunny/ReadMe.txt" publishTime="11/30/2015 16:26:14" />
    <file relUrl="jqwidgets/styles/images/metro-icon-up.png" publishTime="11/30/2015 16:26:16" />
    <file relUrl="Content/themes/base/minified/images/ui-icons_888888_256x240.png" publishTime="10/26/2015 16:49:43" />
    <file relUrl="jqwidgets/globalization/globalize.culture.en-CA.js" publishTime="11/30/2015 16:26:16" />
    <file relUrl="jqwidgets/styles/images/icon-up.png" publishTime="11/30/2015 16:26:15" />
    <file relUrl="Images/MenuIcon/config.png" publishTime="10/26/2015 16:49:36" />
    <file relUrl="jqwidgets/styles/images/sunny/ui-bg_gloss-wave_90_fff9e5_500x100.png" publishTime="11/30/2015 16:26:14" />
    <file relUrl="bin/es/EntityFramework.resources.dll" publishTime="10/26/2015 16:49:34" />
    <file relUrl="jqwidgets/styles/images/crosshair.png" publishTime="11/30/2015 16:26:15" />
    <file relUrl="plan/tintoreria.aspx" publishTime="12/02/2016 18:28:14" />
    <file relUrl="jqwidgets/styles/images/tick.png" publishTime="11/30/2015 16:26:16" />
    <file relUrl="jqwidgets/globalization/globalize.culture.ja-JP.js" publishTime="11/30/2015 16:26:16" />
    <file relUrl="jqwidgets/globalization/globalize.culture.hu-HU.js" publishTime="11/30/2015 16:26:16" />
    <file relUrl="jqwidgets/styles/images/metro-icon-up-white.png" publishTime="11/30/2015 16:26:15" />
    <file relUrl="jqwidgets/styles/images/office-icon-right.png" publishTime="11/30/2015 16:26:13" />
    <file relUrl="jqwidgets/styles/images/star_hover.png" publishTime="11/30/2015 16:26:13" />
    <file relUrl="jqwidgets/styles/images/start/ui-icons_d8e7f3_256x240.png" publishTime="11/30/2015 16:26:14" />
    <file relUrl="Content/themes/base/jquery.ui.dialog.css" publishTime="10/26/2015 16:49:43" />
    <file relUrl="bin/Images/MenuIcon/reportes.png" publishTime="10/26/2015 16:49:36" />
    <file relUrl="bin/appDTO.dll" publishTime="07/27/2017 14:10:21" />
    <file relUrl="jqwidgets/styles/images/pin-blue.png" publishTime="11/30/2015 16:26:13" />
    <file relUrl="jqwidgets/styles/images/start/ui-bg_glass_75_79c9ec_1x400.png" publishTime="11/30/2015 16:26:14" />
    <file relUrl="Images/remove-icon.png" publishTime="09/19/2016 18:27:24" />
    <file relUrl="imagescontent/TopWhiteBorder.jpg" publishTime="10/26/2015 16:49:40" />
    <file relUrl="js/jquery.number.min.js" publishTime="11/30/2015 16:26:16" />
    <file relUrl="jqwidgets/styles/images/redmond/ui-bg_glass_85_dfeffc_1x400.png" publishTime="11/30/2015 16:26:15" />
    <file relUrl="rdlc/Homogeneizado.rdlc" publishTime="12/05/2016 16:40:39" />
    <file relUrl="bin/rdlc/Tintoreria.rdlc" publishTime="12/12/2016 16:14:29" />
    <file relUrl="Images/imgabajo4.jpg" publishTime="06/22/2016 17:56:44" />
    <file relUrl="Images/MenuIcon/g_cliente.png" publishTime="10/26/2015 16:49:36" />
    <file relUrl="jqwidgets/styles/images/darkness/ui-bg_flat_50_5c5c5c_40x100.png" publishTime="11/30/2015 16:26:14" />
    <file relUrl="jqwidgets/jqxgrid.aggregates.js" publishTime="01/07/2016 08:02:42" />
    <file relUrl="Images/mail.PNG" publishTime="10/26/2015 16:49:36" />
    <file relUrl="jqwidgets/styles/jqx.android.css" publishTime="01/07/2016 08:02:42" />
    <file relUrl="bin/DotNetOpenAuth.OAuth.xml" publishTime="10/26/2015 16:49:34" />
    <file relUrl="jqwidgets/styles/images/overcast/ReadMe.txt" publishTime="11/30/2015 16:26:13" />
    <file relUrl="jqwidgets/styles/images/bg_blackpressed.png" publishTime="11/30/2015 16:26:15" />
    <file relUrl="jqwidgets/styles/images/time.png" publishTime="11/30/2015 16:26:13" />
    <file relUrl="Images/imgabajo.jpg" publishTime="06/21/2016 19:40:32" />
    <file relUrl="jqwidgets/styles/images/le-frog/ui-bg_diagonals-thick_95_ffdc2e_40x40.png" publishTime="11/30/2015 16:26:15" />
    <file relUrl="jqwidgets/styles/images/roundbg_disabled.png" publishTime="11/30/2015 16:26:13" />
    <file relUrl="Content/themes/base/minified/images/ui-bg_glass_75_dadada_1x400.png" publishTime="10/26/2015 16:49:43" />
    <file relUrl="jqwidgets/styles/images/redmond/ui-bg_glass_75_d0e5f5_1x400.png" publishTime="11/30/2015 16:26:15" />
    <file relUrl="jqwidgets/styles/images/le-frog/ui-icons_ffffff_256x240.png" publishTime="11/30/2015 16:26:15" />
    <file relUrl="jqwidgets/styles/images/loader-small.gif" publishTime="11/30/2015 16:26:14" />
    <file relUrl="jqwidgets/styles/images/overcast/ui-icons_3383bb_256x240.png" publishTime="11/30/2015 16:26:13" />
    <file relUrl="jqwidgets/jqxlistbox.js" publishTime="01/07/2016 08:02:42" />
    <file relUrl="jqwidgets/styles/images/start/ui-icons_0078ae_256x240.png" publishTime="11/30/2015 16:26:14" />
    <file relUrl="Content/themes/base/minified/jquery.ui.datepicker.min.css" publishTime="10/26/2015 16:49:43" />
    <file relUrl="jqwidgets/styles/images/metro-icon-down.png" publishTime="11/30/2015 16:26:13" />
    <file relUrl="Images/MenuIcon/g_usuario.png" publishTime="10/26/2015 16:49:36" />
    <file relUrl="imagescontent/word.PNG" publishTime="10/26/2015 16:49:40" />
    <file relUrl="jqwidgets/styles/images/icon-menu-minimized.png" publishTime="11/30/2015 16:26:13" />
    <file relUrl="Images/orderedList2.png" publishTime="10/26/2015 16:49:36" />
    <file relUrl="jqwidgets/styles/images/rangebar_darkblue.png" publishTime="11/30/2015 16:26:14" />
    <file relUrl="jqwidgets/styles/images/lightness/ui-bg_flat_10_000000_40x100.png" publishTime="11/30/2015 16:26:14" />
    <file relUrl="jqwidgets/styles/images/start/ui-icons_f5e175_256x240.png" publishTime="11/30/2015 16:26:14" />
    <file relUrl="jqwidgets/styles/images/darkness/ui-bg_inset-soft_30_f58400_1x100.png" publishTime="11/30/2015 16:26:14" />
    <file relUrl="role/nivelesaprob.aspx" publishTime="07/24/2017 08:54:32" />
    <file relUrl="mae/tiposprocesocarga.aspx" publishTime="01/17/2017 19:50:51" />
    <file relUrl="bin/System.Web.Providers.dll" publishTime="10/26/2015 16:49:36" />
    <file relUrl="jqwidgets/styles/images/lightness/ReadMe.txt" publishTime="11/30/2015 16:26:14" />
    <file relUrl="Images/MenuIcon/g_puntos.png" publishTime="10/26/2015 16:49:36" />
    <file relUrl="jqwidgets/styles/images/icon-cancel.png" publishTime="11/30/2015 16:26:13" />
    <file relUrl="img/boton02.gif" publishTime="10/26/2015 16:49:40" />
    <file relUrl="jqwidgets/styles/images/red_gradient.png" publishTime="11/30/2015 16:26:15" />
    <file relUrl="Images/orderedList3.png" publishTime="10/26/2015 16:49:36" />
    <file relUrl="jqwidgets/styles/images/darkness/ui-bg_highlight-soft_80_eeeeee_1x100.png" publishTime="11/30/2015 16:26:14" />
    <file relUrl="jqwidgets/styles/images/darkness/ReadMe.txt" publishTime="11/30/2015 16:26:14" />
    <file relUrl="Images/captcha.jpg" publishTime="10/26/2015 16:49:36" />
    <file relUrl="Content/themes/base/images/ui-icons_cd0a0a_256x240.png" publishTime="10/26/2015 16:49:43" />
    <file relUrl="jqwidgets/styles/images/lightness/ui-icons_228ef1_256x240.png" publishTime="11/30/2015 16:26:14" />
    <file relUrl="Content/themes/base/images/ui-bg_glass_75_dadada_1x400.png" publishTime="10/26/2015 16:49:43" />
    <file relUrl="Content/themes/base/images/ui-bg_highlight-soft_75_cccccc_1x100.png" publishTime="10/26/2015 16:49:43" />
    <file relUrl="jqwidgets/jqxgrid.js" publishTime="01/07/2016 08:02:42" />
    <file relUrl="jqwidgets/styles/images/pin-white.png" publishTime="11/30/2015 16:26:16" />
    <file relUrl="jqwidgets/styles/images/pointer.png" publishTime="11/30/2015 16:26:14" />
    <file relUrl="jqwidgets/styles/images/icon-edit.png" publishTime="11/30/2015 16:26:15" />
    <file relUrl="Content/themes/base/minified/images/ui-bg_highlight-soft_75_cccccc_1x100.png" publishTime="10/26/2015 16:49:43" />
    <file relUrl="jqwidgets/styles/jqx.energyblue.css" publishTime="11/30/2015 16:26:12" />
    <file relUrl="plan/bdcarga.aspx" publishTime="11/02/2016 09:55:46" />
    <file relUrl="jqwidgets/styles/images/icon-calendar.png" publishTime="11/30/2015 16:26:13" />
    <file relUrl="jqwidgets/styles/images/track_summer.png" publishTime="11/30/2015 16:26:14" />
    <file relUrl="bin/rdlc/Peinado.rdlc" publishTime="12/05/2016 16:24:10" />
    <file relUrl="Images/orderedList5.png" publishTime="10/26/2015 16:49:36" />
    <file relUrl="Images/bottom2.png" publishTime="10/26/2015 16:49:36" />
    <file relUrl="jqwidgets/styles/images/roundbg_check_black.png" publishTime="11/30/2015 16:26:16" />
    <file relUrl="bin/rdlc/Homogeneizado.rdlc" publishTime="12/05/2016 16:40:39" />
    <file relUrl="jqwidgets/styles/images/metro-icon-last-white.png" publishTime="11/30/2015 16:26:14" />
    <file relUrl="jqwidgets/globalization/globalize.culture.he-IL.js" publishTime="11/30/2015 16:26:16" />
    <file relUrl="Images/perfil.png" publishTime="10/26/2015 16:49:36" />
    <file relUrl="jqwidgets/styles/images/overcast/ui-bg_glass_35_dddddd_1x400.png" publishTime="11/30/2015 16:26:13" />
    <file relUrl="Content/themes/base/minified/jquery.ui.button.min.css" publishTime="10/26/2015 16:49:43" />
    <file relUrl="jqwidgets/styles/images/metro-icon-last.png" publishTime="11/30/2015 16:26:13" />
    <file relUrl="jqwidgets/styles/images/icon-first.png" publishTime="11/30/2015 16:26:15" />
    <file relUrl="jqwidgets/styles/images/check_indeterminate_white.png" publishTime="11/30/2015 16:26:14" />
    <file relUrl="jqwidgets/styles/images/icon-last-white.png" publishTime="11/30/2015 16:26:13" />
    <file relUrl="Scripts/jquery-1.7.1.min.js" publishTime="10/26/2015 16:49:40" />
    <file relUrl="Images/orderedList7.png" publishTime="10/26/2015 16:49:37" />
    <file relUrl="jqwidgets/styles/images/roundbg_check_white.png" publishTime="11/30/2015 16:26:13" />
    <file relUrl="jqwidgets/styles/images/sunny/ui-icons_fadc7a_256x240.png" publishTime="11/30/2015 16:26:14" />
    <file relUrl="jqwidgets/styles/images/start/ui-bg_gloss-wave_45_e14f1c_500x100.png" publishTime="11/30/2015 16:26:14" />
    <file relUrl="jqwidgets/styles/jqx.ui-smoothness.css" publishTime="01/07/2016 08:02:42" />
    <file relUrl="jqwidgets/styles/images/lightness/ui-bg_highlight-soft_100_eeeeee_1x100.png" publishTime="11/30/2015 16:26:14" />
    <file relUrl="Content/themes/base/images/ui-icons_454545_256x240.png" publishTime="10/26/2015 16:49:43" />
    <file relUrl="jqwidgets/jquery.maskedinput.js" publishTime="11/30/2015 16:26:12" />
    <file relUrl="jqwidgets/styles/images/icon-delete.png" publishTime="11/30/2015 16:26:15" />
    <file relUrl="Images/MenuIcon/g_tarjetaprepago.png" publishTime="10/26/2015 16:49:36" />
    <file relUrl="jqwidgets/styles/images/start/ui-icons_f7a50d_256x240.png" publishTime="11/30/2015 16:26:14" />
    <file relUrl="bin/appConstantes.dll" publishTime="07/27/2017 14:10:20" />
    <file relUrl="jqwidgets/styles/jqx.metro.css" publishTime="11/30/2015 16:26:16" />
    <file relUrl="jqwidgets/styles/images/icon-up-white.png" publishTime="11/30/2015 16:26:14" />
    <file relUrl="imagescontent/DownBorderWhite.jpg" publishTime="10/26/2015 16:49:40" />
    <file relUrl="bin/jqwidgets/globalization/globalize.js" publishTime="11/30/2015 16:26:16" />
    <file relUrl="Content/themes/base/images/ui-bg_flat_0_aaaaaa_40x100.png" publishTime="10/26/2015 16:49:43" />
    <file relUrl="Content/themes/base/minified/images/ui-bg_glass_65_ffffff_1x400.png" publishTime="10/26/2015 16:49:43" />
    <file relUrl="bin/jqwidgets/globalization/globalize.culture.ja-JP.js" publishTime="11/30/2015 16:26:16" />
    <file relUrl="jqwidgets/styles/images/smoothness/ui-bg_glass_75_dadada_1x400.png" publishTime="11/30/2015 16:26:15" />
    <file relUrl="estd/estandares.aspx" publishTime="05/24/2017 16:43:11" />
    <file relUrl="plan/peinado.aspx" publishTime="12/05/2016 12:41:04" />
    <file relUrl="bin/jqwidgets/globalization/globalize.culture.fr-FR.js" publishTime="11/30/2015 16:26:16" />
    <file relUrl="Content/themes/base/jquery.ui.slider.css" publishTime="10/26/2015 16:49:43" />
    <file relUrl="jqwidgets/styles/images/html_editor.png" publishTime="11/30/2015 16:26:15" />
    <file relUrl="jqwidgets/styles/images/lightness/ui-bg_glass_65_ffffff_1x400.png" publishTime="11/30/2015 16:26:14" />
    <file relUrl="bin/DotNetOpenAuth.AspNet.dll" publishTime="10/26/2015 16:49:34" />
    <file relUrl="jqwidgets/styles/images/darkness/ui-icons_cccccc_256x240.png" publishTime="11/30/2015 16:26:14" />
    <file relUrl="Global.asax" publishTime="08/10/2016 15:58:10" />
    <file relUrl="imagescontent/flecha.gif" publishTime="10/26/2015 16:49:40" />
    <file relUrl="Content/themes/base/jquery.ui.all.css" publishTime="10/26/2015 16:49:43" />
    <file relUrl="jqwidgets/styles/images/smoothness/ui-bg_glass_65_ffffff_1x400.png" publishTime="11/30/2015 16:26:15" />
    <file relUrl="Site.Master" publishTime="03/17/2017 12:10:12" />
    <file relUrl="Scripts/bootbox.min.js" publishTime="04/15/2016 12:33:44" />
    <file relUrl="jqwidgets/styles/jqx.fresh.css" publishTime="11/30/2015 16:26:13" />
    <file relUrl="bin/jqwidgets/globalization/globalize.culture.hu-HU.js" publishTime="11/30/2015 16:26:16" />
    <file relUrl="jqwidgets/styles/images/icon-showpassword-white.png" publishTime="11/30/2015 16:26:13" />
    <file relUrl="bin/jqwidgets/globalization/globalize.culture.ru-RU.js" publishTime="11/30/2015 16:26:16" />
    <file relUrl="plan/homogeneizado.aspx" publishTime="12/05/2016 16:33:42" />
    <file relUrl="jqwidgets/styles/images/sunny/ui-bg_flat_30_cccccc_40x100.png" publishTime="11/30/2015 16:26:14" />
    <file relUrl="bin/Microsoft.Web.Infrastructure.dll" publishTime="10/26/2015 16:49:34" />
    <file relUrl="Content/LloydsHbkUy.css" publishTime="10/26/2015 16:49:43" />
    <file relUrl="jqwidgets/styles/images/le-frog/ui-bg_diagonals-small_0_aaaaaa_40x40.png" publishTime="11/30/2015 16:26:15" />
    <file relUrl="jqwidgets/styles/images/sunny/ui-bg_inset-soft_30_ffffff_1x100.png" publishTime="11/30/2015 16:26:14" />
    <file relUrl="lib/AjaxControlToolkit.dll" publishTime="11/30/2015 16:26:16" />
    <file relUrl="jqwidgets/styles/images/sortascbutton.png" publishTime="11/30/2015 16:26:14" />
    <file relUrl="jqwidgets/styles/images/icon-save.png" publishTime="11/30/2015 16:26:14" />
    <file relUrl="Scripts/bootstrap.js" publishTime="04/15/2016 12:33:44" />
    <file relUrl="jqwidgets/styles/images/overcast/ui-icons_fbc856_256x240.png" publishTime="11/30/2015 16:26:13" />
    <file relUrl="Images/MenuIcon/g_tarjetaregalo.png" publishTime="10/26/2015 16:49:36" />
    <file relUrl="jqwidgets/styles/images/overcast/ui-bg_flat_55_c0402a_40x100.png" publishTime="11/30/2015 16:26:13" />
    <file relUrl="jqwidgets/styles/images/icon-save-white.png" publishTime="11/30/2015 16:26:15" />
    <file relUrl="jqwidgets/styles/images/lightness/ui-icons_ffffff_256x240.png" publishTime="11/30/2015 16:26:14" />
    <file relUrl="jqwidgets/styles/images/sunny/ui-bg_highlight-soft_100_feeebd_1x100.png" publishTime="11/30/2015 16:26:14" />
    <file relUrl="jqwidgets/styles/images/smoothness/ui-bg_flat_0_aaaaaa_40x100.png" publishTime="11/30/2015 16:26:15" />
    <file relUrl="Images/cards-512.png" publishTime="10/26/2015 16:49:36" />
    <file relUrl="jqwidgets/styles/images/wp_check_indeterminate_white.png" publishTime="11/30/2015 16:26:15" />
    <file relUrl="img/boton08.gif" publishTime="10/26/2015 16:49:40" />
    <file relUrl="Scripts/_references.js" publishTime="10/26/2015 16:49:40" />
    <file relUrl="bin/DotNetOpenAuth.OpenId.dll" publishTime="10/26/2015 16:49:34" />
    <file relUrl="Images/print32.png" publishTime="10/26/2015 16:49:36" />
    <file relUrl="js/calendar.css" publishTime="11/30/2015 16:26:16" />
    <file relUrl="Images/pdf.PNG" publishTime="10/26/2015 16:49:36" />
    <file relUrl="jqwidgets/styles/images/office-icon-last.png" publishTime="11/30/2015 16:26:14" />
    <file relUrl="Scripts/bootstrap-multiselect.js" publishTime="04/15/2016 12:33:45" />
    <file relUrl="jqwidgets/styles/images/start/ui-bg_glass_45_0078ae_1x400.png" publishTime="11/30/2015 16:26:14" />
    <file relUrl="conf/variablesproceso.aspx" publishTime="04/20/2017 12:26:53" />
    <file relUrl="jqwidgets/styles/images/le-frog/ui-icons_4eb305_256x240.png" publishTime="11/30/2015 16:26:15" />
    <file relUrl="Images/sell-512.png" publishTime="10/26/2015 16:49:36" />
    <file relUrl="bin/appDTO.pdb" publishTime="07/27/2017 14:10:21" />
    <file relUrl="Images/word3.png" publishTime="10/26/2015 16:49:36" />
    <file relUrl="Images/ecardamerica.png" publishTime="10/26/2015 16:49:36" />
    <file relUrl="Images/MenuIcon/g_usuario2.png" publishTime="10/26/2015 16:49:36" />
    <file relUrl="jqwidgets/styles/images/check_white.png" publishTime="11/30/2015 16:26:15" />
    <file relUrl="Images/compu-palace.jpg" publishTime="10/26/2015 16:49:36" />
    <file relUrl="bin/Microsoft.ReportViewer.WebForms.xml" publishTime="03/03/2010 21:11:32" />
    <file relUrl="jqwidgets/styles/images/icon-first-white.png" publishTime="11/30/2015 16:26:16" />
    <file relUrl="bin/DotNetOpenAuth.AspNet.xml" publishTime="10/26/2015 16:49:34" />
    <file relUrl="Images/MenuIcon/reporteoperaciones.png" publishTime="10/26/2015 16:49:36" />
    <file relUrl="jqwidgets/styles/jqx.black.css" publishTime="01/07/2016 08:02:42" />
    <file relUrl="img/cal.gif" publishTime="01/21/2016 15:05:13" />
    <file relUrl="js/calendar_us.js" publishTime="11/30/2015 16:26:16" />
    <file relUrl="jqwidgets/styles/images/smoothness/ui-icons_454545_256x240.png" publishTime="11/30/2015 16:26:15" />
    <file relUrl="Images/MenuIcon/clasificado.png" publishTime="10/26/2015 16:49:36" />
    <file relUrl="Images/FlechaAbajo.png" publishTime="10/26/2015 16:49:36" />
    <file relUrl="jqwidgets/styles/images/icon-recurrence-exception-white.png" publishTime="01/07/2016 08:02:42" />
    <file relUrl="jqwidgets/globalization/globalize.culture.cs-CZ.js" publishTime="11/30/2015 16:26:16" />
    <file relUrl="img/boton04.gif" publishTime="10/26/2015 16:49:40" />
    <file relUrl="jqwidgets/styles/images/bg_blackpressed_horizontal.png" publishTime="11/30/2015 16:26:13" />
    <file relUrl="img/boton09.gif" publishTime="10/26/2015 16:49:40" />
    <file relUrl="jqwidgets/styles/cacl-theme.css" publishTime="05/19/2016 15:32:06" />
    <file relUrl="Content/themes/base/minified/jquery.ui.slider.min.css" publishTime="10/26/2015 16:49:43" />
    <file relUrl="jqwidgets/styles/images/redmond/ui-icons_d8e7f3_256x240.png" publishTime="11/30/2015 16:26:15" />
    <file relUrl="jqwidgets/styles/images/pinned-white.png" publishTime="11/30/2015 16:26:13" />
    <file relUrl="bin/DotNetOpenAuth.Core.dll" publishTime="10/26/2015 16:49:34" />
    <file relUrl="jqwidgets/styles/images/redmond/ui-icons_6da8d5_256x240.png" publishTime="11/30/2015 16:26:15" />
    <file relUrl="jqwidgets/globalization/globalize.culture.it-IT.js" publishTime="11/30/2015 16:26:16" />
    <file relUrl="Images/word.PNG" publishTime="10/26/2015 16:49:37" />
    <file relUrl="Images/excel2.png" publishTime="10/26/2015 16:49:36" />
    <file relUrl="jqwidgets/jqxcombobox.js" publishTime="06/12/2017 17:07:42" />
    <file relUrl="Images/mail2.png" publishTime="10/26/2015 16:49:36" />
    <file relUrl="jqwidgets/styles/images/lightness/icon-last.png" publishTime="11/30/2015 16:26:14" />
    <file relUrl="bin/jqwidgets/globalization/globalize.culture.en-US.js" publishTime="11/30/2015 16:26:16" />
    <file relUrl="jqwidgets/styles/images/smoothness/ui-icons_2e83ff_256x240.png" publishTime="11/30/2015 16:26:15" />
    <file relUrl="jqwidgets/styles/images/pinned-black.png" publishTime="11/30/2015 16:26:15" />
    <file relUrl="jqwidgets/styles/jqx.summer.css" publishTime="11/30/2015 16:26:13" />
    <file relUrl="jqwidgets/styles/images/warning.png" publishTime="11/30/2015 16:26:13" />
    <file relUrl="jqwidgets/globalization/globalize.culture.lt.js" publishTime="11/30/2015 16:26:16" />
    <file relUrl="jqwidgets/styles/images/html_editor_white.png" publishTime="11/30/2015 16:26:13" />
    <file relUrl="Images/foto.png" publishTime="10/26/2015 16:49:37" />
    <file relUrl="jqwidgets/styles/images/darkness/ui-icons_ffffff_256x240.png" publishTime="11/30/2015 16:26:14" />
    <file relUrl="bin/Microsoft.AspNet.Membership.OpenAuth.dll" publishTime="10/26/2015 16:49:34" />
    <file relUrl="Images/excel.PNG" publishTime="10/26/2015 16:49:36" />
    <file relUrl="jqwidgets/styles/images/rangebar_summer.png" publishTime="11/30/2015 16:26:15" />
    <file relUrl="jqwidgets/styles/images/icon-down.png" publishTime="11/30/2015 16:26:16" />
    <file relUrl="js/handlebars-v4.0.2.js" publishTime="11/30/2015 16:26:16" />
    <file relUrl="jqwidgets/styles/images/success.png" publishTime="11/30/2015 16:26:13" />
    <file relUrl="jqwidgets/styles/images/redmond/ui-bg_inset-hard_100_fcfdfd_1x100.png" publishTime="11/30/2015 16:26:15" />
    <file relUrl="jqwidgets/styles/images/metro-icon-first.png" publishTime="11/30/2015 16:26:14" />
    <file relUrl="jqwidgets/styles/images/search.png" publishTime="11/30/2015 16:26:15" />
    <file relUrl="jqwidgets/styles/images/bg_blueenergy.png" publishTime="11/30/2015 16:26:15" />
    <file relUrl="img/boton06.gif" publishTime="10/26/2015 16:49:40" />
    <file relUrl="img/boton05.gif" publishTime="10/26/2015 16:49:40" />
    <file relUrl="jqwidgets/styles/images/close_black.png" publishTime="11/30/2015 16:26:15" />
    <file relUrl="jqwidgets/styles/images/colorpicker/bar-hue.png" publishTime="11/30/2015 16:26:14" />
    <file relUrl="jqwidgets/styles/images/overcast/ui-bg_glass_60_eeeeee_1x400.png" publishTime="11/30/2015 16:26:13" />
    <file relUrl="Images/edificio3a.png" publishTime="09/19/2016 15:45:01" />
    <file relUrl="default.aspx" publishTime="08/10/2016 17:10:13" />
    <file relUrl="Scripts/ASPSnippets_Pager.min.js" publishTime="08/26/2012 21:40:30" />
    <file relUrl="jqwidgets/styles/images/metro-icon-right - Copy.png" publishTime="11/30/2015 16:26:16" />
    <file relUrl="jqwidgets/styles/images/lightness/ui-icons_222222_256x240.png" publishTime="11/30/2015 16:26:14" />
    <file relUrl="Images/orderedList1.png" publishTime="10/26/2015 16:49:36" />
    <file relUrl="Content/themes/base/minified/jquery.ui.resizable.min.css" publishTime="10/26/2015 16:49:43" />
    <file relUrl="bin/AspNet.ScriptManager.jQuery.dll" publishTime="10/26/2015 16:49:34" />
    <file relUrl="Images/pdf12.png" publishTime="10/26/2015 16:49:36" />
    <file relUrl="changepassword.aspx" publishTime="03/09/2017 10:14:22" />
    <file relUrl="jqwidgets/styles/images/plus_white.png" publishTime="11/30/2015 16:26:13" />
    <file relUrl="bin/jqwidgets/globalization/globalize.culture.lt.js" publishTime="11/30/2015 16:26:16" />
    <file relUrl="Content/themes/base/minified/jquery.ui.dialog.min.css" publishTime="10/26/2015 16:49:43" />
    <file relUrl="jqwidgets/styles/images/icon-cancel-white.png" publishTime="11/30/2015 16:26:15" />
    <file relUrl="jqwidgets/styles/jqx.arctic.css" publishTime="11/30/2015 16:26:12" />
    <file relUrl="jqwidgets/styles/images/overcast/ui-bg_inset-soft_50_c9c9c9_1x100.png" publishTime="11/30/2015 16:26:13" />
    <file relUrl="imagescontent/loadinfo.gif" publishTime="10/26/2015 16:49:40" />
    <file relUrl="bin/es/System.Web.Providers.resources.dll" publishTime="10/26/2015 16:49:36" />
    <file relUrl="jqwidgets/styles/images/darkness/ui-icons_4b8e0b_256x240.png" publishTime="11/30/2015 16:26:14" />
    <file relUrl="imagescontent/DownBorderWhiteOld.jpg" publishTime="10/26/2015 16:49:40" />
    <file relUrl="Images/excel3.png" publishTime="10/26/2015 16:49:36" />
    <file relUrl="Images/orderedList8.png" publishTime="10/26/2015 16:49:37" />
    <file relUrl="bin/jqwidgets/globalization/globalize.culture.it-IT.js" publishTime="11/30/2015 16:26:16" />
    <file relUrl="jqwidgets/styles/images/icon-left-white.png" publishTime="11/30/2015 16:26:13" />
    <file relUrl="jqwidgets/styles/images/smoothness/ReadMe.txt" publishTime="11/30/2015 16:26:15" />
    <file relUrl="jqwidgets/styles/images/pinned-yellow.png" publishTime="11/30/2015 16:26:13" />
    <file relUrl="jqwidgets/styles/images/colorpicker/ReadMe.txt" publishTime="11/30/2015 16:26:14" />
    <file relUrl="jqwidgets/styles/images/le-frog/ui-bg_highlight-hard_30_285c00_1x100.png" publishTime="11/30/2015 16:26:15" />
    <file relUrl="jqwidgets/jqxbuttons.js" publishTime="01/07/2016 08:02:42" />
    <file relUrl="Content/themes/base/minified/images/ui-icons_454545_256x240.png" publishTime="10/26/2015 16:49:43" />
    <file relUrl="Images/bullet.png" publishTime="10/26/2015 16:49:36" />
    <file relUrl="jqwidgets/styles/images/icon-right-blue.png" publishTime="11/30/2015 16:26:15" />
    <file relUrl="bin/img/waiting.gif" publishTime="04/06/2016 18:26:50" />
    <file relUrl="bin/AspNet.ScriptManager.jQuery.UI.Combined.dll" publishTime="10/26/2015 16:49:34" />
    <file relUrl="jqwidgets/styles/images/start/ui-bg_gloss-wave_75_2191c0_500x100.png" publishTime="11/30/2015 16:26:14" />
    <file relUrl="bin/appFew.dll" publishTime="07/27/2017 14:10:26" />
    <file relUrl="rdlc/Lavado.rdlc" publishTime="12/05/2016 16:24:53" />
    <file relUrl="Content/ui/1.12.0/themes/base/jquery-ui.css" publishTime="08/16/2016 13:00:38" />
    <file relUrl="jqwidgets/jqxdatetimeinput.js" publishTime="01/07/2016 08:02:42" />
    <file relUrl="jqwidgets/styles/jqx.shinyblack.css" publishTime="01/07/2016 08:02:42" />
    <file relUrl="role/rolesproceso.aspx" publishTime="04/24/2017 10:44:50" />
    <file relUrl="jqwidgets/styles/images/bg_darkbluehover.png" publishTime="11/30/2015 16:26:16" />
    <file relUrl="jqwidgets/styles/jqx.base.css" publishTime="01/07/2016 08:02:42" />
    <file relUrl="jqwidgets/styles/images/le-frog/ui-bg_glass_55_fbf5d0_1x400.png" publishTime="11/30/2015 16:26:15" />
    <file relUrl="jqwidgets/styles/images/roundbg_check_indeterminate.png" publishTime="11/30/2015 16:26:13" />
    <file relUrl="jqwidgets/styles/images/smoothness/ui-bg_glass_55_fbf9ee_1x400.png" publishTime="11/30/2015 16:26:15" />
    <file relUrl="jqwidgets/styles/images/darkness/ui-icons_222222_256x240.png" publishTime="11/30/2015 16:26:14" />
    <file relUrl="mae/calidadtipfib.aspx" publishTime="02/23/2017 10:27:01" />
    <file relUrl="bin/jqwidgets/globalization/globalize.culture.sa-IN.js" publishTime="11/30/2015 16:26:16" />
    <file relUrl="jqwidgets/styles/images/blackbackground.png" publishTime="11/30/2015 16:26:13" />
    <file relUrl="bin/Microsoft.ReportViewer.WebForms.dll" publishTime="03/18/2010 22:27:40" />
    <file relUrl="jqwidgets/styles/images/icon-left-blue.png" publishTime="11/30/2015 16:26:13" />
    <file relUrl="bin/rdlc/listadovariables.rdlc" publishTime="04/10/2017 10:18:07" />
    <file relUrl="jqwidgets/styles/images/close_white.png" publishTime="11/30/2015 16:26:16" />
    <file relUrl="jqwidgets/styles/images/red_arrow_down.png" publishTime="11/30/2015 16:26:15" />
    <file relUrl="jqwidgets/styles/images/darkness/ui-bg_glass_40_ffc73d_1x400.png" publishTime="11/30/2015 16:26:14" />
    <file relUrl="jqwidgets/styles/images/bg_blackhover.png" publishTime="11/30/2015 16:26:14" />
    <file relUrl="imagescontent/excel.PNG" publishTime="10/26/2015 16:49:40" />
    <file relUrl="jqwidgets/styles/images/sortremove.png" publishTime="11/30/2015 16:26:13" />
    <file relUrl="rdlc/Tintoreria.rdlc" publishTime="12/12/2016 16:14:29" />
    <file relUrl="Content/themes/base/images/ui-bg_glass_75_e6e6e6_1x400.png" publishTime="10/26/2015 16:49:43" />
    <file relUrl="conf/lineas.aspx" publishTime="03/17/2017 16:55:25" />
    <file relUrl="Content/themes/base/jquery-ui.css" publishTime="10/26/2015 16:49:43" />
    <file relUrl="imagescontent/DownBorderFontEX.jpg" publishTime="10/26/2015 16:49:40" />
    <file relUrl="jqwidgets/styles/images/lightness/ui-bg_highlight-soft_75_ffe45c_1x100.png" publishTime="11/30/2015 16:26:14" />
    <file relUrl="imagescontent/border1.jpg" publishTime="10/26/2015 16:49:40" />
    <file relUrl="jqwidgets/styles/jqx.bootstrap.css" publishTime="11/30/2015 16:26:13" />
    <file relUrl="jqwidgets/styles/jqx.classic.css" publishTime="11/30/2015 16:26:16" />
    <file relUrl="Content/themes/base/minified/jquery.ui.selectable.min.css" publishTime="10/26/2015 16:49:43" />
    <file relUrl="jqwidgets/styles/images/icon-last-blue.png" publishTime="11/30/2015 16:26:15" />
    <file relUrl="jqwidgets/jqxdropdownlist.js" publishTime="01/07/2016 08:02:42" />
    <file relUrl="bin/DotNetOpenAuth.OpenId.xml" publishTime="10/26/2015 16:49:34" />
    <file relUrl="jqwidgets/styles/images/le-frog/ui-bg_diagonals-thick_15_444444_40x40.png" publishTime="11/30/2015 16:26:15" />
    <file relUrl="jqwidgets/styles/images/office-icon-first.png" publishTime="11/30/2015 16:26:14" />
    <file relUrl="jqwidgets/styles/images/track_classic.png" publishTime="11/30/2015 16:26:13" />
    <file relUrl="jqwidgets/styles/images/start/ui-icons_e0fdff_256x240.png" publishTime="11/30/2015 16:26:14" />
    <file relUrl="jqwidgets/styles/images/redmond/icon-last.png" publishTime="11/30/2015 16:26:15" />
    <file relUrl="Scripts/actions.js" publishTime="10/26/2015 16:49:40" />
    <file relUrl="Images/pdf2.png" publishTime="10/26/2015 16:49:36" />
    <file relUrl="jqwidgets/styles/jqx.ui-sunny.css" publishTime="01/07/2016 08:02:42" />
    <file relUrl="Content/themes/base/minified/images/ui-icons_2e83ff_256x240.png" publishTime="10/26/2015 16:49:43" />
    <file relUrl="bin/rdlc/Handkniting.rdlc" publishTime="12/05/2016 10:41:05" />
    <file relUrl="img/botonast.gif" publishTime="10/26/2015 16:49:40" />
    <file relUrl="Content/themes/base/jquery.ui.autocomplete.css" publishTime="10/26/2015 16:49:43" />
    <file relUrl="jqwidgets/styles/images/colorpicker/map-saturation.png" publishTime="11/30/2015 16:26:14" />
    <file relUrl="jqwidgets/globalization/globalize.culture.fr-FR.js" publishTime="11/30/2015 16:26:16" />
    <file relUrl="bin/Images/logobb.png" publishTime="04/15/2016 12:33:43" />
    <file relUrl="Images/alpaca.gif" publishTime="10/26/2015 16:49:36" />
    <file relUrl="packages.config" publishTime="10/26/2015 16:49:40" />
    <file relUrl="Content/themes/base/images/ui-bg_glass_95_fef1ec_1x400.png" publishTime="10/26/2015 16:49:43" />
    <file relUrl="Images/dice.png" publishTime="10/26/2015 16:49:36" />
    <file relUrl="conf/procesos.aspx" publishTime="03/17/2017 16:58:17" />
    <file relUrl="plan/lavado.aspx" publishTime="12/05/2016 12:38:21" />
    <file relUrl="jqwidgets/globalization/globalize.culture.de-DE.js" publishTime="11/30/2015 16:26:16" />
    <file relUrl="jqwidgets/styles/images/rangebar_classic.png" publishTime="11/30/2015 16:26:13" />
    <file relUrl="imagescontent/PrincipalUp.jpg" publishTime="10/26/2015 16:49:40" />
    <file relUrl="jqwidgets/jqxgrid.pager.js" publishTime="01/07/2016 08:02:42" />
    <file relUrl="img/waiting.gif" publishTime="04/06/2016 18:26:50" />
    <file relUrl="jqwidgets/styles/images/sunny/ui-bg_gloss-wave_60_fece2f_500x100.png" publishTime="11/30/2015 16:26:14" />
    <file relUrl="bin/jqwidgets/globalization/globalize.culture.de-DE.js" publishTime="11/30/2015 16:26:16" />
    <file relUrl="estd/estandarescalidades.aspx" publishTime="05/24/2017 11:56:34" />
    <file relUrl="bin/appFew.pdb" publishTime="07/27/2017 14:10:26" />
    <file relUrl="bin/Microsoft.ReportViewer.Common.dll" publishTime="03/18/2010 22:27:40" />
    <file relUrl="Images/excel32s.png" publishTime="10/26/2015 16:49:36" />
    <file relUrl="mae/calidadgrupopendientes.aspx" publishTime="02/24/2017 15:25:40" />
    <file relUrl="bin/DotNetOpenAuth.OAuth.dll" publishTime="10/26/2015 16:49:34" />
    <file relUrl="jqwidgets/styles/images/office-icon-down.png" publishTime="11/30/2015 16:26:14" />
    <file relUrl="Content/Site.css" publishTime="10/26/2015 16:49:43" />
    <file relUrl="bin/jqwidgets/globalization/globalize.culture.hr-HR.js" publishTime="11/30/2015 16:26:16" />
    <file relUrl="jqwidgets/styles/images/search_white.png" publishTime="11/30/2015 16:26:14" />
    <file relUrl="jqwidgets/styles/jqx.orange.css" publishTime="01/07/2016 08:02:42" />
    <file relUrl="jqwidgets/styles/images/lightness/ui-bg_diagonals-thick_20_666666_40x40.png" publishTime="11/30/2015 16:26:14" />
    <file relUrl="jqwidgets/styles/jqx.metrodark.css" publishTime="01/07/2016 08:02:42" />
    <file relUrl="Content/themes/base/jquery.ui.selectable.css" publishTime="10/26/2015 16:49:43" />
    <file relUrl="jqwidgets/styles/images/sunny/ui-icons_3d3d3d_256x240.png" publishTime="11/30/2015 16:26:14" />
    <file relUrl="jqwidgets/styles/images/colorpicker/bar-saturation.png" publishTime="11/30/2015 16:26:14" />
    <file relUrl="jqwidgets/styles/jqx.ui-redmond.css" publishTime="01/07/2016 08:02:42" />
    <file relUrl="jqwidgets/styles/images/black_gradient.png" publishTime="11/30/2015 16:26:15" />
    <file relUrl="bin/Scripts/bootbox.min.js" publishTime="04/15/2016 12:33:44" />
    <file relUrl="jqwidgets/styles/images/icon-recurrence-exception.png" publishTime="11/30/2015 16:26:13" />
    <file relUrl="Logoff.aspx" publishTime="08/10/2016 17:10:13" />
    <file relUrl="jqwidgets/styles/images/office-icon-left.png" publishTime="11/30/2015 16:26:13" />
    <file relUrl="Content/themes/base/jquery.ui.progressbar.css" publishTime="10/26/2015 16:49:43" />
    <file relUrl="cali/fueraestandar.aspx" publishTime="07/26/2017 14:26:21" />
    <file relUrl="img/boton07.gif" publishTime="10/26/2015 16:49:40" />
    <file relUrl="jqwidgets/styles/images/crosshair-white.png" publishTime="11/30/2015 16:26:15" />
    <file relUrl="jqwidgets/styles/images/icon-recurrence-white.png" publishTime="01/07/2016 08:02:42" />
    <file relUrl="Images/tech.jpg" publishTime="10/26/2015 16:49:36" />
    <file relUrl="jqwidgets/styles/images/redmond/ui-icons_cd0a0a_256x240.png" publishTime="11/30/2015 16:26:15" />
    <file relUrl="jqwidgets/styles/images/icon-right-transparent.png" publishTime="11/30/2015 16:26:15" />
    <file relUrl="Images/word31.png" publishTime="10/26/2015 16:49:36" />
    <file relUrl="imagescontent/font1.jpg" publishTime="10/26/2015 16:49:40" />
    <file relUrl="jqwidgets/styles/images/wp_check_white.png" publishTime="11/30/2015 16:26:15" />
    <file relUrl="jqwidgets/styles/images/darkness/ui-bg_flat_30_cccccc_40x100.png" publishTime="11/30/2015 16:26:14" />
    <file relUrl="jqwidgets/styles/images/close.png" publishTime="11/30/2015 16:26:14" />
    <file relUrl="Images/pdf3.png" publishTime="10/26/2015 16:49:36" />
    <file relUrl="Images/MenuIcon/reportes.png" publishTime="10/26/2015 16:49:36" />
    <file relUrl="jqwidgets/styles/images/error.png" publishTime="11/30/2015 16:26:16" />
    <file relUrl="Scripts/modernizr-2.5.3.js" publishTime="10/26/2015 16:49:40" />
    <file relUrl="bin/DotNetOpenAuth.OpenId.RelyingParty.dll" publishTime="10/26/2015 16:49:34" />
    <file relUrl="Images/appleswift.png" publishTime="10/26/2015 16:49:36" />
    <file relUrl="jqwidgets/styles/images/lightness/icon-first.png" publishTime="11/30/2015 16:26:14" />
    <file relUrl="Scripts/jquery-1.12.4.js" publishTime="08/16/2016 10:26:17" />
    <file relUrl="jqwidgets/styles/images/menubutton.png" publishTime="11/30/2015 16:26:13" />
    <file relUrl="Content/themes/base/minified/jquery-ui.min.css" publishTime="10/26/2015 16:49:43" />
    <file relUrl="jqwidgets/styles/images/redmond/ui-icons_217bc0_256x240.png" publishTime="11/30/2015 16:26:15" />
    <file relUrl="Content/themes/base/minified/images/ui-bg_flat_75_ffffff_40x100.png" publishTime="10/26/2015 16:49:43" />
    <file relUrl="jqwidgets/styles/images/rangebar_shinyblack.png" publishTime="11/30/2015 16:26:15" />
    <file relUrl="jqwidgets/styles/images/smoothness/ui-icons_222222_256x240.png" publishTime="11/30/2015 16:26:15" />
    <file relUrl="Scripts/jquery-ui-1.8.20.min.js" publishTime="10/26/2015 16:49:40" />
    <file relUrl="Content/themes/base/minified/jquery.ui.core.min.css" publishTime="10/26/2015 16:49:43" />
    <file relUrl="Images/profile_2-512.png" publishTime="10/26/2015 16:49:36" />
    <file relUrl="Content/themes/base/jquery.ui.accordion.css" publishTime="10/26/2015 16:49:43" />
    <file relUrl="jqwidgets/styles/images/multi-arrow.gif" publishTime="11/30/2015 16:26:13" />
    <file relUrl="jqwidgets/styles/jqx.office.css" publishTime="11/30/2015 16:26:16" />
    <file relUrl="imagescontent/font.jpg" publishTime="10/26/2015 16:49:40" />
    <file relUrl="jqwidgets/styles/images/overcast/ui-bg_flat_0_aaaaaa_40x100.png" publishTime="11/30/2015 16:26:13" />
    <file relUrl="jqwidgets/styles/images/start/ui-icons_fcd113_256x240.png" publishTime="11/30/2015 16:26:14" />
    <file relUrl="Images/mail3.png" publishTime="10/26/2015 16:49:36" />
    <file relUrl="jqwidgets/styles/images/icon-down-white.png" publishTime="11/30/2015 16:26:13" />
    <file relUrl="jqwidgets/styles/images/lightness/ui-icons_ffd27a_256x240.png" publishTime="11/30/2015 16:26:14" />
    <file relUrl="bin/EntityFramework.dll" publishTime="10/26/2015 16:49:34" />
    <file relUrl="rdlc/Handkniting.rdlc" publishTime="12/05/2016 10:41:05" />
    <file relUrl="jqwidgets/styles/images/icon-down-blue.png" publishTime="11/30/2015 16:26:14" />
    <file relUrl="imagescontent/volver.jpg" publishTime="10/26/2015 16:49:40" />
    <file relUrl="Images/pdf32.png" publishTime="10/26/2015 16:49:36" />
    <file relUrl="bin/appConstantes.pdb" publishTime="07/27/2017 14:10:20" />
    <file relUrl="jqwidgets/globalization/globalize.culture.en-US.js" publishTime="11/30/2015 16:26:16" />
    <file relUrl="jqwidgets/styles/images/overcast/ui-bg_flat_0_eeeeee_40x100.png" publishTime="11/30/2015 16:26:13" />
    <file relUrl="jqwidgets/styles/images/office-icon-up.png" publishTime="11/30/2015 16:26:15" />
    <file relUrl="jqwidgets/styles/images/smoothness/ui-bg_flat_75_ffffff_40x100.png" publishTime="11/30/2015 16:26:15" />
    <file relUrl="jqwidgets/styles/images/pin-black.png" publishTime="11/30/2015 16:26:15" />
    <file relUrl="Content/themes/base/minified/images/ui-icons_222222_256x240.png" publishTime="10/26/2015 16:49:43" />
    <file relUrl="jqwidgets/styles/images/redmond/ReadMe.txt" publishTime="11/30/2015 16:26:15" />
    <file relUrl="jqwidgets/styles/images/icon-last-transparent.png" publishTime="11/30/2015 16:26:13" />
    <file relUrl="plan/handkniting.aspx" publishTime="12/02/2016 18:29:10" />
    <file relUrl="jqwidgets/styles/images/start/ui-bg_inset-hard_100_fcfdfd_1x100.png" publishTime="11/30/2015 16:26:14" />
    <file relUrl="jqwidgets/styles/images/icon-left-transparent.png" publishTime="11/30/2015 16:26:14" />
    <file relUrl="bin/es/Microsoft.AspNet.Membership.OpenAuth.resources.dll" publishTime="10/26/2015 16:49:34" />
    <file relUrl="bin/rdlc/Lavado.rdlc" publishTime="12/05/2016 16:24:53" />
    <file relUrl="bin/jqwidgets/globalization/globalize.culture.he-IL.js" publishTime="11/30/2015 16:26:16" />
    <file relUrl="Images/imgabajo2.jpg" publishTime="06/22/2016 17:58:49" />
    <file relUrl="jqwidgets/styles/images/start/ui-bg_gloss-wave_50_6eac2c_500x100.png" publishTime="11/30/2015 16:26:14" />
    <file relUrl="imagescontent/DownBorderFont.jpg" publishTime="10/26/2015 16:49:40" />
    <file relUrl="Scripts/bootstrap.min.js" publishTime="04/15/2016 12:33:44" />
    <file relUrl="jqwidgets/styles/images/le-frog/ui-bg_highlight-soft_50_4eb305_1x100.png" publishTime="11/30/2015 16:26:15" />
    <file relUrl="Scripts/jquery/1.8.3/jquery.min.js" publishTime="08/18/2016 18:54:13" />
    <file relUrl="jqwidgets/styles/images/redmond/ui-icons_f9bd01_256x240.png" publishTime="11/30/2015 16:26:15" />
    <file relUrl="Content/themes/base/jquery.ui.button.css" publishTime="10/26/2015 16:49:43" />
    <file relUrl="jqwidgets/styles/images/pinned-blue.png" publishTime="11/30/2015 16:26:14" />
    <file relUrl="jqwidgets/styles/images/metro-icon-right-white.png" publishTime="11/30/2015 16:26:13" />
    <file relUrl="jqwidgets/jqxcheckbox.js" publishTime="06/12/2017 17:07:42" />
    <file relUrl="jqwidgets/styles/images/drag.png" publishTime="11/30/2015 16:26:14" />
    <file relUrl="jqwidgets/styles/images/check_disabled.png" publishTime="11/30/2015 16:26:15" />
    <file relUrl="Scripts/jquery-1.10.2.js" publishTime="10/26/2015 16:49:40" />
    <file relUrl="jqwidgets/styles/jqx.ui-le-frog.css" publishTime="01/07/2016 08:02:42" />
    <file relUrl="rdlc/Peinado.rdlc" publishTime="12/05/2016 16:24:10" />
    <file relUrl="jqwidgets/styles/images/check_lightblue.png" publishTime="11/30/2015 16:26:15" />
    <file relUrl="bin/Scripts/bootstrap.min.js" publishTime="04/15/2016 12:33:44" />
    <file relUrl="Images/MenuIcon/almacen.png" publishTime="10/26/2015 16:49:36" />
    <file relUrl="jqwidgets/styles/images/bg_black_horizontal.png" publishTime="11/30/2015 16:26:15" />
    <file relUrl="jqwidgets/styles/images/sortasc.png" publishTime="11/30/2015 16:26:14" />
    <file relUrl="Content/themes/base/jquery.ui.theme.css" publishTime="10/26/2015 16:49:43" />
    <file relUrl="jqwidgets/styles/images/bg_blackhover_horizontal.png" publishTime="11/30/2015 16:26:15" />
    <file relUrl="plan/tintoreriaporocu.aspx" publishTime="12/12/2016 18:10:24" />
    <file relUrl="jqwidgets/styles/images/icon-delete-white.png" publishTime="11/30/2015 16:26:13" />
    <file relUrl="Content/themes/base/minified/jquery.ui.accordion.min.css" publishTime="10/26/2015 16:49:43" />
    <file relUrl="jqwidgets/styles/images/backgroundTop.png" publishTime="11/30/2015 16:26:16" />
    <file relUrl="jqwidgets/styles/images/smoothness/ui-bg_highlight-soft_75_cccccc_1x100.png" publishTime="11/30/2015 16:26:15" />
    <file relUrl="jqwidgets/styles/images/pin.png" publishTime="11/30/2015 16:26:13" />
    <file relUrl="jqwidgets/styles/images/overcast/ui-icons_999999_256x240.png" publishTime="11/30/2015 16:26:13" />
    <file relUrl="jqwidgets/styles/images/icon-right.png" publishTime="11/30/2015 16:26:14" />
    <file relUrl="jqwidgets/styles/images/pinned.png" publishTime="11/30/2015 16:26:13" />
    <file relUrl="bin/DotNetOpenAuth.OAuth.Consumer.xml" publishTime="10/26/2015 16:49:34" />
    <file relUrl="Content/jquery.mCustomScrollbar.css" publishTime="10/26/2015 16:49:43" />
    <file relUrl="jqwidgets/styles/images/start/ui-bg_glass_55_f8da4e_1x400.png" publishTime="11/30/2015 16:26:14" />
    <file relUrl="Content/themes/base/jquery.ui.base.css" publishTime="10/26/2015 16:49:43" />
    <file relUrl="jqwidgets/jqxscrollbar.js" publishTime="01/07/2016 08:02:42" />
    <file relUrl="Images/logobb.png" publishTime="04/15/2016 12:33:43" />
    <file relUrl="jqwidgets/globalization/globalize.js" publishTime="11/30/2015 16:26:16" />
    <file relUrl="jqwidgets/styles/images/track_shinyblack.png" publishTime="11/30/2015 16:26:15" />
    <file relUrl="jqwidgets/styles/images/star_disabled.png" publishTime="11/30/2015 16:26:14" />
    <file relUrl="Content/themes/base/minified/jquery.ui.autocomplete.min.css" publishTime="10/26/2015 16:49:43" />
    <file relUrl="Content/themes/base/images/ui-bg_glass_55_fbf9ee_1x400.png" publishTime="10/26/2015 16:49:43" />
    <file relUrl="bin/DotNetOpenAuth.OpenId.RelyingParty.xml" publishTime="10/26/2015 16:49:34" />
    <file relUrl="Images/MenuIcon/g_kiosk.png" publishTime="10/26/2015 16:49:36" />
    <file relUrl="jqwidgets/globalization/globalize.culture.ru-RU.js" publishTime="11/30/2015 16:26:16" />
    <file relUrl="Images/captcha_fondo.png" publishTime="10/26/2015 16:49:36" />
    <file relUrl="Images/pdf5s.png" publishTime="10/26/2015 16:49:36" />
    <file relUrl="imagescontent/pdf.PNG" publishTime="10/26/2015 16:49:40" />
    <file relUrl="launch.aspx" publishTime="08/10/2016 17:10:13" />
    <file relUrl="jqwidgets/styles/images/darkness/ui-bg_inset-soft_25_000000_1x100.png" publishTime="11/30/2015 16:26:14" />
    <file relUrl="jqwidgets/styles/images/icon-first-blue.png" publishTime="11/30/2015 16:26:13" />
    <file relUrl="jqwidgets/styles/images/smoothness/ui-icons_cd0a0a_256x240.png" publishTime="11/30/2015 16:26:15" />
    <file relUrl="jqwidgets/styles/jqx.ui-lightness.css" publishTime="01/07/2016 08:02:42" />
    <file relUrl="Content/themes/base/minified/jquery.ui.tabs.min.css" publishTime="10/26/2015 16:49:43" />
    <file relUrl="jqwidgets/styles/images/red_arrow_up.png" publishTime="11/30/2015 16:26:15" />
    <file relUrl="jqwidgets/styles/images/icon-recurrence.png" publishTime="11/30/2015 16:26:14" />
    <file relUrl="Images/MenuIcon/default.png" publishTime="10/26/2015 16:49:36" />
    <file relUrl="jqwidgets/styles/images/icon-up-blue.png" publishTime="11/30/2015 16:26:13" />
    <file relUrl="jqwidgets/styles/images/redmond/ui-bg_flat_0_aaaaaa_40x100.png" publishTime="11/30/2015 16:26:15" />
    <file relUrl="img/Borrar.gif" publishTime="10/26/2015 16:49:40" />
    <file relUrl="jqwidgets/styles/images/bg_black.png" publishTime="11/30/2015 16:26:15" />
    <file relUrl="jqwidgets/globalization/globalize.culture.hr-HR.js" publishTime="11/30/2015 16:26:16" />
    <file relUrl="jqwidgets/styles/jqx.mobile.css" publishTime="11/30/2015 16:26:13" />
    <file relUrl="js/NumpadTTS.js" publishTime="11/30/2015 16:26:16" />
    <file relUrl="mae/maquinasfantasia.aspx" publishTime="03/02/2017 10:44:40" />
    <file relUrl="jqwidgets/styles/images/check_blue.png" publishTime="11/30/2015 16:26:15" />
    <file relUrl="jqwidgets/styles/images/sortdescbutton.png" publishTime="11/30/2015 16:26:15" />
    <file relUrl="Scripts/jquery-1.7.1.js" publishTime="10/26/2015 16:49:40" />
    <file relUrl="img/boton00.gif" publishTime="10/26/2015 16:49:40" />
    <file relUrl="Content/themes/base/minified/jquery.ui.theme.min.css" publishTime="10/26/2015 16:49:43" />
    <file relUrl="jqwidgets/jqxgrid.selection.js" publishTime="01/07/2016 08:02:42" />
    <file relUrl="jqwidgets/styles/images/metro-icon-down-white.png" publishTime="11/30/2015 16:26:14" />
    <file relUrl="Content/themes/base/jquery.ui.resizable.css" publishTime="10/26/2015 16:49:43" />
    <file relUrl="jqwidgets/styles/images/le-frog/ui-icons_72b42d_256x240.png" publishTime="11/30/2015 16:26:15" />
    <file relUrl="Content/themes/base/images/ui-icons_222222_256x240.png" publishTime="10/26/2015 16:49:43" />
    <file relUrl="jqwidgets/styles/images/lightness/ui-icons_ef8c08_256x240.png" publishTime="11/30/2015 16:26:14" />
    <file relUrl="Images/logo11.png" publishTime="10/26/2015 16:49:36" />
    <file relUrl="jqwidgets/styles/images/plus.png" publishTime="11/30/2015 16:26:13" />
    <file relUrl="jqwidgets/globalization/ReadMe.txt" publishTime="11/30/2015 16:26:16" />
    <file relUrl="jqwidgets/styles/images/icon-time.png" publishTime="11/30/2015 16:26:15" />
    <file relUrl="imagescontent/font2.jpg" publishTime="10/26/2015 16:49:40" />
    <file relUrl="jqwidgets/styles/images/darkness/ui-bg_gloss-wave_25_333333_500x100.png" publishTime="11/30/2015 16:26:14" />
    <file relUrl="jqwidgets/styles/images/darkness/ui-icons_a83300_256x240.png" publishTime="11/30/2015 16:26:14" />
    <file relUrl="jqwidgets/styles/images/check_lightblue_indeterminate.png" publishTime="11/30/2015 16:26:14" />
    <file relUrl="jqwidgets/styles/images/star.png" publishTime="11/30/2015 16:26:15" />
    <file relUrl="Images/logo.jpg" publishTime="10/26/2015 16:49:36" />
    <file relUrl="imagescontent/mail.PNG" publishTime="10/26/2015 16:49:40" />
    <file relUrl="Web.config" publishTime="07/27/2017 14:10:44" />
    <file relUrl="jqwidgets/styles/images/redmond/icon-first.png" publishTime="11/30/2015 16:26:15" />
    <file relUrl="imagescontent/CloseSesion.png" publishTime="10/26/2015 16:49:40" />
    <file relUrl="jqwidgets/styles/images/track_darkblue.png" publishTime="11/30/2015 16:26:15" />
    <file relUrl="role/roles.aspx" publishTime="07/24/2017 11:27:58" />
    <file relUrl="jqwidgets/styles/jqx.windowsphone.css" publishTime="01/07/2016 08:02:42" />
    <file relUrl="bin/DotNetOpenAuth.Core.xml" publishTime="10/26/2015 16:49:34" />
    <file relUrl="Content/themes/base/images/ui-icons_2e83ff_256x240.png" publishTime="10/26/2015 16:49:43" />
    <file relUrl="Content/themes/base/minified/images/ui-bg_glass_55_fbf9ee_1x400.png" publishTime="10/26/2015 16:49:43" />
    <file relUrl="bin/jqwidgets/globalization/globalize.culture.en-CA.js" publishTime="11/30/2015 16:26:16" />
    <file relUrl="jqwidgets/styles/images/smoothness/ui-bg_glass_95_fef1ec_1x400.png" publishTime="11/30/2015 16:26:15" />
    <file relUrl="jqwidgets/styles/images/overcast/ui-icons_454545_256x240.png" publishTime="11/30/2015 16:26:13" />
    <file relUrl="jqwidgets/styles/images/mail.png" publishTime="11/30/2015 16:26:13" />
    <file relUrl="Images/MenuIcon/g_casa.png" publishTime="10/26/2015 16:49:36" />
    <file relUrl="Content/themes/base/images/ui-bg_glass_65_ffffff_1x400.png" publishTime="10/26/2015 16:49:43" />
    <file relUrl="jqwidgets/styles/images/darkness/ui-bg_glass_40_0078a3_1x400.png" publishTime="11/30/2015 16:26:14" />
    <file relUrl="imagescontent/TtsWincError.gif" publishTime="10/26/2015 16:49:40" />
    <file relUrl="jqwidgets/styles/images/smoothness/ui-bg_glass_75_e6e6e6_1x400.png" publishTime="11/30/2015 16:26:15" />
    <file relUrl="jqwidgets/styles/images/le-frog/ReadMe.txt" publishTime="11/30/2015 16:26:15" />
    <file relUrl="jqwidgets/jqxcore.js" publishTime="01/07/2016 08:02:42" />
    <file relUrl="Images/orderedList4.png" publishTime="10/26/2015 16:49:36" />
    <file relUrl="img/boton01.gif" publishTime="10/26/2015 16:49:40" />
    <file relUrl="jqwidgets/styles/images/redmond/ui-icons_469bdd_256x240.png" publishTime="11/30/2015 16:26:15" />
    <file relUrl="jqwidgets/styles/images/metro-icon-first-white.png" publishTime="11/30/2015 16:26:15" />
    <file relUrl="js/jquery.blockUI.js" publishTime="06/01/2016 14:02:14" />
    <file relUrl="jqwidgets/styles/images/info.png" publishTime="11/30/2015 16:26:16" />
    <file relUrl="jqwidgets/styles/jqx.ui-darkness.css" publishTime="01/07/2016 08:02:42" />
    <file relUrl="jqwidgets/styles/images/icon-left.png" publishTime="11/30/2015 16:26:15" />
    <file relUrl="jqwidgets/styles/images/lightness/ui-bg_glass_100_f6f6f6_1x400.png" publishTime="11/30/2015 16:26:14" />
    <file relUrl="jqwidgets/styles/images/bg_darkbluepressed.png" publishTime="11/30/2015 16:26:15" />
    <file relUrl="jqwidgets/styles/images/redmond/ui-bg_flat_55_fbec88_40x100.png" publishTime="11/30/2015 16:26:15" />
    <file relUrl="jqwidgets/styles/images/le-frog/ui-bg_inset-soft_10_285c00_1x100.png" publishTime="11/30/2015 16:26:15" />
    <file relUrl="jqwidgets/styles/images/sunny/ui-icons_d19405_256x240.png" publishTime="11/30/2015 16:26:14" />
    <file relUrl="jqwidgets/styles/jqx.web.css" publishTime="11/30/2015 16:26:16" />
    <file relUrl="imagescontent/dot.jpg" publishTime="10/26/2015 16:49:40" />
    <file relUrl="jqwidgets/styles/jqx.blackberry.css" publishTime="01/07/2016 08:02:42" />
    <file relUrl="Scripts/jquery.mCustomScrollbar.js" publishTime="10/26/2015 16:49:40" />
    <file relUrl="cali/pendienteliberar.aspx" publishTime="07/12/2017 17:52:27" />
    <file relUrl="Content/themes/base/jquery.ui.datepicker.css" publishTime="10/26/2015 16:49:43" />
    <file relUrl="jqwidgets/jqxdata.js" publishTime="01/07/2016 08:02:42" />
    <file relUrl="jqwidgets/styles/jqx.ui-overcast.css" publishTime="01/07/2016 08:02:42" />
    <file relUrl="jqwidgets/styles/images/sunny/ui-bg_flat_50_5c5c5c_40x100.png" publishTime="11/30/2015 16:26:14" />
    <file relUrl="jqwidgets/jqxcalendar.js" publishTime="01/07/2016 08:02:42" />
    <file relUrl="maintenance.aspx" publishTime="08/10/2016 17:10:13" />
    <file relUrl="jqwidgets/styles/images/sortdesc.png" publishTime="11/30/2015 16:26:15" />
    <file relUrl="jqwidgets/styles/jqx.darkblue.css" publishTime="01/07/2016 08:02:42" />
    <file relUrl="jqwidgets/styles/images/start/ReadMe.txt" publishTime="11/30/2015 16:26:14" />
    <file relUrl="jqwidgets/styles/images/start/ui-icons_056b93_256x240.png" publishTime="11/30/2015 16:26:14" />
    <file relUrl="jqwidgets/styles/images/overcast/ui-bg_flat_55_eeeeee_40x100.png" publishTime="11/30/2015 16:26:13" />
    <file relUrl="Content/themes/base/images/ui-icons_888888_256x240.png" publishTime="10/26/2015 16:49:43" />
    <file relUrl="jqwidgets/styles/images/smoothness/ui-icons_888888_256x240.png" publishTime="11/30/2015 16:26:15" />
    <file relUrl="imagescontent/Close.PNG" publishTime="10/26/2015 16:49:40" />
    <file relUrl="cali/ensayos.aspx" publishTime="07/13/2017 12:55:48" />
    <file relUrl="bin/EntityFramework.xml" publishTime="10/26/2015 16:49:34" />
    <file relUrl="Content/themes/base/jquery.ui.core.css" publishTime="10/26/2015 16:49:43" />
    <file relUrl="jqwidgets/styles/images/icon-calendar-white.png" publishTime="11/30/2015 16:26:15" />
    <file relUrl="jqwidgets/styles/images/filter.png" publishTime="11/30/2015 16:26:14" />
    <file relUrl="role/lineasrolautoriza.aspx" publishTime="07/24/2017 15:56:12" />
    <file relUrl="Images/calendar.png" publishTime="10/26/2015 16:49:37" />
    <file relUrl="jqwidgets/styles/jqx.ui-start.css" publishTime="01/07/2016 08:02:42" />
  </publishProfile>
</publishData>