﻿<?xml version="1.0" encoding="utf-8"?>
<publishData>
  <publishProfile publishUrl="C:\inetpub\wwwroot\sccs002" deleteExistingFiles="True" ftpAnonymousLogin="False" ftpPassiveMode="True" msdeploySite="" msdeploySiteID="" msdeployRemoteSitePhysicalPath="" msdeployAllowUntrustedCertificate="False" msdeploySkipExtraFilesOnServer="True" msdeployMarkAsApp="False" profileName="Profile1" publishMethod="FileSystem" replaceMatchingFiles="False" userName="" savePWD="False" userPWD="" SelectedForPublish="True">
    <file relUrl="Web.config" publishTime="07/27/2017 14:11:19" />
    <file relUrl="bin/appWcfService.dll" publishTime="07/27/2017 14:11:06" />
    <file relUrl="appService.svc" publishTime="08/10/2016 15:23:57" />
    <file relUrl="bin/appLanzador.dll" publishTime="07/27/2017 14:11:06" />
    <file relUrl="bin/AccesoDatos.dll" publishTime="07/27/2017 14:11:04" />
    <file relUrl="bin/AccesoDatos.pdb" publishTime="07/27/2017 14:11:04" />
    <file relUrl="bin/appDataContracts.pdb" publishTime="07/27/2017 14:11:05" />
    <file relUrl="bin/appLogica.dll" publishTime="07/27/2017 14:11:05" />
    <file relUrl="bin/appDTO.pdb" publishTime="07/27/2017 14:11:05" />
    <file relUrl="bin/appLogica.pdb" publishTime="07/27/2017 14:11:05" />
    <file relUrl="bin/appWcfService.pdb" publishTime="07/27/2017 14:11:06" />
    <file relUrl="bin/appConstantes.dll" publishTime="07/27/2017 14:11:04" />
    <file relUrl="bin/appLanzador.pdb" publishTime="07/27/2017 14:11:06" />
    <file relUrl="bin/AccesoDatos.xml" publishTime="07/27/2017 14:11:04" />
    <file relUrl="bin/appDataContracts.dll" publishTime="07/27/2017 14:11:05" />
    <file relUrl="bin/appDTO.dll" publishTime="07/27/2017 14:11:05" />
    <file relUrl="bin/appConstantes.pdb" publishTime="07/27/2017 14:11:04" />
  </publishProfile>
</publishData>